city,city_id,timestamp,likes,geo,hashtags,user_id,lat,lng,mentions,tweet_url,replies,retweets,text,replay_to_users,screen_name
Portland,1840000327,2019-11-10 22:06:24,2,,[],1193651146579234816,43.6773,-70.2715,,https://twitter.com/mtrem2/status/1193651146579234816,0,0,State Farm is rapidly catching up to Progressive and Geico when it comes to really annoying commercials,,mtrem2
Portland,1840000327,2019-09-22 15:30:33,0,,SesameStreet,1175794519478034432,43.6773,-70.2715,@StateFarm,https://twitter.com/LeanneCalderLib/status/1175794519478034432,0,0,@StateFarm love the #SesameStreet ads keep em comin!!!,,LeanneCalderLib
Portland,1840000327,2019-09-21 07:39:13,1,,[],1175313518817632257,43.6773,-70.2715,,https://twitter.com/BibleOfKate/status/1175313518817632257,0,0,This is powerful. I think you should bring this up to State Farm as a company. Mr. Coleman deserves a lot of public recognition for his abusive and atrocious behavior.,hooligantactix,BibleOfKate
Portland,1840000327,2019-08-18 11:25:36,1,,SFNeighborhoodAssist,1163049299703451648,43.6773,-70.2715,,https://twitter.com/GMSALTED/status/1163049299703451648,0,2,"Day #5! KEEP VOTING! With your help, Fighting Food Insecurity in Gorham, Maine! could win a $25k grant from State Farm Neighborhood Assist®. Vote up to 10x a day through 8/23! #SFNeighborhoodAssist https://www.neighborhoodassist.com/entry/2023987",,GMSALTED
Portland,1840000327,2019-08-16 09:29:50,3,,SFNeighborhoodAssist,1162295392316329984,43.6773,-70.2715,@hperrysup,https://twitter.com/GMSALTED/status/1162295392316329984,0,1,Day #3! 1 in 5 children in Maine are food insecure & Gorham does not escape that statistic! VOTE TODAY! With your help we could win a $25k grant from State Farm Neighborhood Assist®. Vote up to 10x a day through 8/23 #SFNeighborhoodAssist https://www.neighborhoodassist.com/entry/2023987 @hperrysup,,GMSALTED
Portland,1840000327,2019-08-15 10:10:53,0,,SFNeighborhoodAssist,1161943336351162368,43.6773,-70.2715,,https://twitter.com/GMSALTED/status/1161943336351162368,0,2,"Day #2!!! PLEASE VOTE! With your help, Fighting Food Insecurity in Gorham, Maine! could win a $25k grant from State Farm Neighborhood Assist®. Vote up to 10x a day through 8/23! #SFNeighborhoodAssist https://www.neighborhoodassist.com/entry/2023987",,GMSALTED
Portland,1840000327,2019-08-14 10:13:01,4,,SFNeighborhoodAssist,1161581481568931840,43.6773,-70.2715,@hperrysup @briley8557 @MAINETOY,https://twitter.com/GMSALTED/status/1161581481568931840,0,3,VOTE TODAY! Our grant for Gorham’s BackPack Program and GMS Garden could win a $25k grant from State Farm Neighborhood Assist®. Vote up to 10x a day through 8/23! #SFNeighborhoodAssist https://www.neighborhoodassist.com/entry/2023987 @hperrysup @briley8557 @MAINETOY,,GMSALTED
Portland,1840000327,2019-07-12 02:18:21,1,,[],1149503228586811394,43.6773,-70.2715,@CP3,https://twitter.com/bencampo/status/1149503228586811394,0,0,Which OKC player will join @CP3 in the State Farm Commercials?,PeterVecsey1,bencampo
South Portland,1840000328,2019-11-10 22:06:24,2,,[],1193651146579234816,43.6309,-70.2895,,https://twitter.com/mtrem2/status/1193651146579234816,0,0,State Farm is rapidly catching up to Progressive and Geico when it comes to really annoying commercials,,mtrem2
South Portland,1840000328,2019-09-22 15:30:33,0,,SesameStreet,1175794519478034432,43.6309,-70.2895,@StateFarm,https://twitter.com/LeanneCalderLib/status/1175794519478034432,0,0,@StateFarm love the #SesameStreet ads keep em comin!!!,,LeanneCalderLib
South Portland,1840000328,2019-09-21 07:39:13,1,,[],1175313518817632257,43.6309,-70.2895,,https://twitter.com/BibleOfKate/status/1175313518817632257,0,0,This is powerful. I think you should bring this up to State Farm as a company. Mr. Coleman deserves a lot of public recognition for his abusive and atrocious behavior.,hooligantactix,BibleOfKate
South Portland,1840000328,2019-07-12 02:18:21,1,,[],1149503228586811394,43.6309,-70.2895,@CP3,https://twitter.com/bencampo/status/1149503228586811394,0,0,Which OKC player will join @CP3 in the State Farm Commercials?,PeterVecsey1,bencampo
Biddeford,1840000342,2019-11-10 22:06:24,2,,[],1193651146579234816,43.4673,-70.4511,,https://twitter.com/mtrem2/status/1193651146579234816,0,0,State Farm is rapidly catching up to Progressive and Geico when it comes to really annoying commercials,,mtrem2
Brunswick,1840052591,2019-12-24 02:18:20,0,,[],1209297225915994114,43.9007,-69.9761,,https://twitter.com/kayak_birder/status/1209297225915994114,0,0,I’m so sick of the AARod grab assing. Just not that good and one of the ultimate ‘hate the face’,NFL,kayak_birder
Scarborough,1840052990,2019-11-10 22:06:24,2,,[],1193651146579234816,43.5911,-70.3682,,https://twitter.com/mtrem2/status/1193651146579234816,0,0,State Farm is rapidly catching up to Progressive and Geico when it comes to really annoying commercials,,mtrem2
Scarborough,1840052990,2019-09-22 15:30:33,0,,SesameStreet,1175794519478034432,43.5911,-70.3682,@StateFarm,https://twitter.com/LeanneCalderLib/status/1175794519478034432,0,0,@StateFarm love the #SesameStreet ads keep em comin!!!,,LeanneCalderLib
Scarborough,1840052990,2019-09-21 07:39:13,1,,[],1175313518817632257,43.5911,-70.3682,,https://twitter.com/BibleOfKate/status/1175313518817632257,0,0,This is powerful. I think you should bring this up to State Farm as a company. Mr. Coleman deserves a lot of public recognition for his abusive and atrocious behavior.,hooligantactix,BibleOfKate
Saco,1840000343,2019-11-10 22:06:24,2,,[],1193651146579234816,43.539,-70.4624,,https://twitter.com/mtrem2/status/1193651146579234816,0,0,State Farm is rapidly catching up to Progressive and Geico when it comes to really annoying commercials,,mtrem2
Saco,1840000343,2019-09-22 15:30:33,0,,SesameStreet,1175794519478034432,43.539,-70.4624,@StateFarm,https://twitter.com/LeanneCalderLib/status/1175794519478034432,0,0,@StateFarm love the #SesameStreet ads keep em comin!!!,,LeanneCalderLib
Saco,1840000343,2019-09-21 07:39:13,1,,[],1175313518817632257,43.539,-70.4624,,https://twitter.com/BibleOfKate/status/1175313518817632257,0,0,This is powerful. I think you should bring this up to State Farm as a company. Mr. Coleman deserves a lot of public recognition for his abusive and atrocious behavior.,hooligantactix,BibleOfKate
Westbrook,1840000329,2019-11-10 22:06:24,2,,[],1193651146579234816,43.6954,-70.3539,,https://twitter.com/mtrem2/status/1193651146579234816,0,0,State Farm is rapidly catching up to Progressive and Geico when it comes to really annoying commercials,,mtrem2
Westbrook,1840000329,2019-09-22 15:30:33,0,,SesameStreet,1175794519478034432,43.6954,-70.3539,@StateFarm,https://twitter.com/LeanneCalderLib/status/1175794519478034432,0,0,@StateFarm love the #SesameStreet ads keep em comin!!!,,LeanneCalderLib
Westbrook,1840000329,2019-09-21 07:39:13,1,,[],1175313518817632257,43.6954,-70.3539,,https://twitter.com/BibleOfKate/status/1175313518817632257,0,0,This is powerful. I think you should bring this up to State Farm as a company. Mr. Coleman deserves a lot of public recognition for his abusive and atrocious behavior.,hooligantactix,BibleOfKate
Westbrook,1840000329,2019-08-18 11:25:36,1,,SFNeighborhoodAssist,1163049299703451648,43.6954,-70.3539,,https://twitter.com/GMSALTED/status/1163049299703451648,0,2,"Day #5! KEEP VOTING! With your help, Fighting Food Insecurity in Gorham, Maine! could win a $25k grant from State Farm Neighborhood Assist®. Vote up to 10x a day through 8/23! #SFNeighborhoodAssist https://www.neighborhoodassist.com/entry/2023987",,GMSALTED
Westbrook,1840000329,2019-08-16 09:29:50,3,,SFNeighborhoodAssist,1162295392316329984,43.6954,-70.3539,@hperrysup,https://twitter.com/GMSALTED/status/1162295392316329984,0,1,Day #3! 1 in 5 children in Maine are food insecure & Gorham does not escape that statistic! VOTE TODAY! With your help we could win a $25k grant from State Farm Neighborhood Assist®. Vote up to 10x a day through 8/23 #SFNeighborhoodAssist https://www.neighborhoodassist.com/entry/2023987 @hperrysup,,GMSALTED
Westbrook,1840000329,2019-08-15 10:10:53,0,,SFNeighborhoodAssist,1161943336351162368,43.6954,-70.3539,,https://twitter.com/GMSALTED/status/1161943336351162368,0,2,"Day #2!!! PLEASE VOTE! With your help, Fighting Food Insecurity in Gorham, Maine! could win a $25k grant from State Farm Neighborhood Assist®. Vote up to 10x a day through 8/23! #SFNeighborhoodAssist https://www.neighborhoodassist.com/entry/2023987",,GMSALTED
Westbrook,1840000329,2019-08-14 10:13:01,4,,SFNeighborhoodAssist,1161581481568931840,43.6954,-70.3539,@hperrysup @briley8557 @MAINETOY,https://twitter.com/GMSALTED/status/1161581481568931840,0,3,VOTE TODAY! Our grant for Gorham’s BackPack Program and GMS Garden could win a $25k grant from State Farm Neighborhood Assist®. Vote up to 10x a day through 8/23! #SFNeighborhoodAssist https://www.neighborhoodassist.com/entry/2023987 @hperrysup @briley8557 @MAINETOY,,GMSALTED
Westbrook,1840000329,2019-07-12 02:18:21,1,,[],1149503228586811394,43.6954,-70.3539,@CP3,https://twitter.com/bencampo/status/1149503228586811394,0,0,Which OKC player will join @CP3 in the State Farm Commercials?,PeterVecsey1,bencampo
Windham,1840066537,2019-11-10 22:06:24,2,,[],1193651146579234816,43.7981,-70.4056,,https://twitter.com/mtrem2/status/1193651146579234816,0,0,State Farm is rapidly catching up to Progressive and Geico when it comes to really annoying commercials,,mtrem2
Windham,1840066537,2019-09-22 15:30:33,0,,SesameStreet,1175794519478034432,43.7981,-70.4056,@StateFarm,https://twitter.com/LeanneCalderLib/status/1175794519478034432,0,0,@StateFarm love the #SesameStreet ads keep em comin!!!,,LeanneCalderLib
Windham,1840066537,2019-09-21 07:39:13,1,,[],1175313518817632257,43.7981,-70.4056,,https://twitter.com/BibleOfKate/status/1175313518817632257,0,0,This is powerful. I think you should bring this up to State Farm as a company. Mr. Coleman deserves a lot of public recognition for his abusive and atrocious behavior.,hooligantactix,BibleOfKate
Windham,1840066537,2019-08-18 11:25:36,1,,SFNeighborhoodAssist,1163049299703451648,43.7981,-70.4056,,https://twitter.com/GMSALTED/status/1163049299703451648,0,2,"Day #5! KEEP VOTING! With your help, Fighting Food Insecurity in Gorham, Maine! could win a $25k grant from State Farm Neighborhood Assist®. Vote up to 10x a day through 8/23! #SFNeighborhoodAssist https://www.neighborhoodassist.com/entry/2023987",,GMSALTED
Windham,1840066537,2019-08-16 09:29:50,3,,SFNeighborhoodAssist,1162295392316329984,43.7981,-70.4056,@hperrysup,https://twitter.com/GMSALTED/status/1162295392316329984,0,1,Day #3! 1 in 5 children in Maine are food insecure & Gorham does not escape that statistic! VOTE TODAY! With your help we could win a $25k grant from State Farm Neighborhood Assist®. Vote up to 10x a day through 8/23 #SFNeighborhoodAssist https://www.neighborhoodassist.com/entry/2023987 @hperrysup,,GMSALTED
Windham,1840066537,2019-08-15 10:10:53,0,,SFNeighborhoodAssist,1161943336351162368,43.7981,-70.4056,,https://twitter.com/GMSALTED/status/1161943336351162368,0,2,"Day #2!!! PLEASE VOTE! With your help, Fighting Food Insecurity in Gorham, Maine! could win a $25k grant from State Farm Neighborhood Assist®. Vote up to 10x a day through 8/23! #SFNeighborhoodAssist https://www.neighborhoodassist.com/entry/2023987",,GMSALTED
Windham,1840066537,2019-08-14 10:13:01,4,,SFNeighborhoodAssist,1161581481568931840,43.7981,-70.4056,@hperrysup @briley8557 @MAINETOY,https://twitter.com/GMSALTED/status/1161581481568931840,0,3,VOTE TODAY! Our grant for Gorham’s BackPack Program and GMS Garden could win a $25k grant from State Farm Neighborhood Assist®. Vote up to 10x a day through 8/23! #SFNeighborhoodAssist https://www.neighborhoodassist.com/entry/2023987 @hperrysup @briley8557 @MAINETOY,,GMSALTED
Windham,1840066537,2019-07-12 02:18:21,1,,[],1149503228586811394,43.7981,-70.4056,@CP3,https://twitter.com/bencampo/status/1149503228586811394,0,0,Which OKC player will join @CP3 in the State Farm Commercials?,PeterVecsey1,bencampo
Gorham,1840052834,2019-11-10 22:06:24,2,,[],1193651146579234816,43.7034,-70.4581,,https://twitter.com/mtrem2/status/1193651146579234816,0,0,State Farm is rapidly catching up to Progressive and Geico when it comes to really annoying commercials,,mtrem2
Gorham,1840052834,2019-09-22 15:30:33,0,,SesameStreet,1175794519478034432,43.7034,-70.4581,@StateFarm,https://twitter.com/LeanneCalderLib/status/1175794519478034432,0,0,@StateFarm love the #SesameStreet ads keep em comin!!!,,LeanneCalderLib
Gorham,1840052834,2019-09-21 07:39:13,1,,[],1175313518817632257,43.7034,-70.4581,,https://twitter.com/BibleOfKate/status/1175313518817632257,0,0,This is powerful. I think you should bring this up to State Farm as a company. Mr. Coleman deserves a lot of public recognition for his abusive and atrocious behavior.,hooligantactix,BibleOfKate
Gorham,1840052834,2019-08-18 11:25:36,1,,SFNeighborhoodAssist,1163049299703451648,43.7034,-70.4581,,https://twitter.com/GMSALTED/status/1163049299703451648,0,2,"Day #5! KEEP VOTING! With your help, Fighting Food Insecurity in Gorham, Maine! could win a $25k grant from State Farm Neighborhood Assist®. Vote up to 10x a day through 8/23! #SFNeighborhoodAssist https://www.neighborhoodassist.com/entry/2023987",,GMSALTED
Gorham,1840052834,2019-08-16 09:29:50,3,,SFNeighborhoodAssist,1162295392316329984,43.7034,-70.4581,@hperrysup,https://twitter.com/GMSALTED/status/1162295392316329984,0,1,Day #3! 1 in 5 children in Maine are food insecure & Gorham does not escape that statistic! VOTE TODAY! With your help we could win a $25k grant from State Farm Neighborhood Assist®. Vote up to 10x a day through 8/23 #SFNeighborhoodAssist https://www.neighborhoodassist.com/entry/2023987 @hperrysup,,GMSALTED
Gorham,1840052834,2019-08-15 10:10:53,0,,SFNeighborhoodAssist,1161943336351162368,43.7034,-70.4581,,https://twitter.com/GMSALTED/status/1161943336351162368,0,2,"Day #2!!! PLEASE VOTE! With your help, Fighting Food Insecurity in Gorham, Maine! could win a $25k grant from State Farm Neighborhood Assist®. Vote up to 10x a day through 8/23! #SFNeighborhoodAssist https://www.neighborhoodassist.com/entry/2023987",,GMSALTED
Gorham,1840052834,2019-08-14 10:13:01,4,,SFNeighborhoodAssist,1161581481568931840,43.7034,-70.4581,@hperrysup @briley8557 @MAINETOY,https://twitter.com/GMSALTED/status/1161581481568931840,0,3,VOTE TODAY! Our grant for Gorham’s BackPack Program and GMS Garden could win a $25k grant from State Farm Neighborhood Assist®. Vote up to 10x a day through 8/23! #SFNeighborhoodAssist https://www.neighborhoodassist.com/entry/2023987 @hperrysup @briley8557 @MAINETOY,,GMSALTED
Gorham,1840052834,2019-07-12 02:18:21,1,,[],1149503228586811394,43.7034,-70.4581,@CP3,https://twitter.com/bencampo/status/1149503228586811394,0,0,Which OKC player will join @CP3 in the State Farm Commercials?,PeterVecsey1,bencampo
York,1840066551,2019-10-17 13:29:17,1,,[],1184823700992024577,43.18600000000001,-70.6661,,https://twitter.com/mjgoodwinart/status/1184823700992024577,0,0,"O shit! Hope y’all are good, I feel like I saw this in a State Farm commercial",AdamdeGrandis,mjgoodwinart
Falmouth,1840052817,2019-11-10 22:06:24,2,,[],1193651146579234816,43.7476,-70.2827,,https://twitter.com/mtrem2/status/1193651146579234816,0,0,State Farm is rapidly catching up to Progressive and Geico when it comes to really annoying commercials,,mtrem2
Falmouth,1840052817,2019-09-22 15:30:33,0,,SesameStreet,1175794519478034432,43.7476,-70.2827,@StateFarm,https://twitter.com/LeanneCalderLib/status/1175794519478034432,0,0,@StateFarm love the #SesameStreet ads keep em comin!!!,,LeanneCalderLib
Falmouth,1840052817,2019-09-21 07:39:13,1,,[],1175313518817632257,43.7476,-70.2827,,https://twitter.com/BibleOfKate/status/1175313518817632257,0,0,This is powerful. I think you should bring this up to State Farm as a company. Mr. Coleman deserves a lot of public recognition for his abusive and atrocious behavior.,hooligantactix,BibleOfKate
Falmouth,1840052817,2019-08-18 11:25:36,1,,SFNeighborhoodAssist,1163049299703451648,43.7476,-70.2827,,https://twitter.com/GMSALTED/status/1163049299703451648,0,2,"Day #5! KEEP VOTING! With your help, Fighting Food Insecurity in Gorham, Maine! could win a $25k grant from State Farm Neighborhood Assist®. Vote up to 10x a day through 8/23! #SFNeighborhoodAssist https://www.neighborhoodassist.com/entry/2023987",,GMSALTED
Falmouth,1840052817,2019-08-16 09:29:50,3,,SFNeighborhoodAssist,1162295392316329984,43.7476,-70.2827,@hperrysup,https://twitter.com/GMSALTED/status/1162295392316329984,0,1,Day #3! 1 in 5 children in Maine are food insecure & Gorham does not escape that statistic! VOTE TODAY! With your help we could win a $25k grant from State Farm Neighborhood Assist®. Vote up to 10x a day through 8/23 #SFNeighborhoodAssist https://www.neighborhoodassist.com/entry/2023987 @hperrysup,,GMSALTED
Falmouth,1840052817,2019-08-15 10:10:53,0,,SFNeighborhoodAssist,1161943336351162368,43.7476,-70.2827,,https://twitter.com/GMSALTED/status/1161943336351162368,0,2,"Day #2!!! PLEASE VOTE! With your help, Fighting Food Insecurity in Gorham, Maine! could win a $25k grant from State Farm Neighborhood Assist®. Vote up to 10x a day through 8/23! #SFNeighborhoodAssist https://www.neighborhoodassist.com/entry/2023987",,GMSALTED
Falmouth,1840052817,2019-08-14 10:13:01,4,,SFNeighborhoodAssist,1161581481568931840,43.7476,-70.2827,@hperrysup @briley8557 @MAINETOY,https://twitter.com/GMSALTED/status/1161581481568931840,0,3,VOTE TODAY! Our grant for Gorham’s BackPack Program and GMS Garden could win a $25k grant from State Farm Neighborhood Assist®. Vote up to 10x a day through 8/23! #SFNeighborhoodAssist https://www.neighborhoodassist.com/entry/2023987 @hperrysup @briley8557 @MAINETOY,,GMSALTED
Falmouth,1840052817,2019-07-12 02:18:21,1,,[],1149503228586811394,43.7476,-70.2827,@CP3,https://twitter.com/bencampo/status/1149503228586811394,0,0,Which OKC player will join @CP3 in the State Farm Commercials?,PeterVecsey1,bencampo
Standish,1840053009,2019-08-18 11:25:36,1,,SFNeighborhoodAssist,1163049299703451648,43.7811,-70.5685,,https://twitter.com/GMSALTED/status/1163049299703451648,0,2,"Day #5! KEEP VOTING! With your help, Fighting Food Insecurity in Gorham, Maine! could win a $25k grant from State Farm Neighborhood Assist®. Vote up to 10x a day through 8/23! #SFNeighborhoodAssist https://www.neighborhoodassist.com/entry/2023987",,GMSALTED
Standish,1840053009,2019-08-16 09:29:50,3,,SFNeighborhoodAssist,1162295392316329984,43.7811,-70.5685,@hperrysup,https://twitter.com/GMSALTED/status/1162295392316329984,0,1,Day #3! 1 in 5 children in Maine are food insecure & Gorham does not escape that statistic! VOTE TODAY! With your help we could win a $25k grant from State Farm Neighborhood Assist®. Vote up to 10x a day through 8/23 #SFNeighborhoodAssist https://www.neighborhoodassist.com/entry/2023987 @hperrysup,,GMSALTED
Standish,1840053009,2019-08-15 10:10:53,0,,SFNeighborhoodAssist,1161943336351162368,43.7811,-70.5685,,https://twitter.com/GMSALTED/status/1161943336351162368,0,2,"Day #2!!! PLEASE VOTE! With your help, Fighting Food Insecurity in Gorham, Maine! could win a $25k grant from State Farm Neighborhood Assist®. Vote up to 10x a day through 8/23! #SFNeighborhoodAssist https://www.neighborhoodassist.com/entry/2023987",,GMSALTED
Standish,1840053009,2019-08-14 10:13:01,4,,SFNeighborhoodAssist,1161581481568931840,43.7811,-70.5685,@hperrysup @briley8557 @MAINETOY,https://twitter.com/GMSALTED/status/1161581481568931840,0,3,VOTE TODAY! Our grant for Gorham’s BackPack Program and GMS Garden could win a $25k grant from State Farm Neighborhood Assist®. Vote up to 10x a day through 8/23! #SFNeighborhoodAssist https://www.neighborhoodassist.com/entry/2023987 @hperrysup @briley8557 @MAINETOY,,GMSALTED
Kittery,1840052873,2019-10-17 13:29:17,1,,[],1184823700992024577,43.0998,-70.7126,,https://twitter.com/mjgoodwinart/status/1184823700992024577,0,0,"O shit! Hope y’all are good, I feel like I saw this in a State Farm commercial",AdamdeGrandis,mjgoodwinart
Kittery,1840052873,2019-03-26 14:10:54,1,,CamelFever,1110544659938455553,43.0998,-70.7126,@Sillysully7,https://twitter.com/scottjoy/status/1110544659938455553,0,0,@Sillysully7 What do you think? #CamelFever,StateFarm,scottjoy
Cape Elizabeth,1840052639,2019-11-10 22:06:24,2,,[],1193651146579234816,43.5891,-70.238,,https://twitter.com/mtrem2/status/1193651146579234816,0,0,State Farm is rapidly catching up to Progressive and Geico when it comes to really annoying commercials,,mtrem2
Cape Elizabeth,1840052639,2019-09-22 15:30:33,0,,SesameStreet,1175794519478034432,43.5891,-70.238,@StateFarm,https://twitter.com/LeanneCalderLib/status/1175794519478034432,0,0,@StateFarm love the #SesameStreet ads keep em comin!!!,,LeanneCalderLib
Cape Elizabeth,1840052639,2019-09-21 07:39:13,1,,[],1175313518817632257,43.5891,-70.238,,https://twitter.com/BibleOfKate/status/1175313518817632257,0,0,This is powerful. I think you should bring this up to State Farm as a company. Mr. Coleman deserves a lot of public recognition for his abusive and atrocious behavior.,hooligantactix,BibleOfKate
Cape Elizabeth,1840052639,2019-07-12 02:18:21,1,,[],1149503228586811394,43.5891,-70.238,@CP3,https://twitter.com/bencampo/status/1149503228586811394,0,0,Which OKC player will join @CP3 in the State Farm Commercials?,PeterVecsey1,bencampo
Old Orchard Beach,1840052942,2019-11-10 22:06:24,2,,[],1193651146579234816,43.5239,-70.3904,,https://twitter.com/mtrem2/status/1193651146579234816,0,0,State Farm is rapidly catching up to Progressive and Geico when it comes to really annoying commercials,,mtrem2
Old Orchard Beach,1840052942,2019-09-22 15:30:33,0,,SesameStreet,1175794519478034432,43.5239,-70.3904,@StateFarm,https://twitter.com/LeanneCalderLib/status/1175794519478034432,0,0,@StateFarm love the #SesameStreet ads keep em comin!!!,,LeanneCalderLib
Old Orchard Beach,1840052942,2019-09-21 07:39:13,1,,[],1175313518817632257,43.5239,-70.3904,,https://twitter.com/BibleOfKate/status/1175313518817632257,0,0,This is powerful. I think you should bring this up to State Farm as a company. Mr. Coleman deserves a lot of public recognition for his abusive and atrocious behavior.,hooligantactix,BibleOfKate
Rockland,1840000322,2019-11-02 11:32:59,0,,blessed mainelife,1190592636220059649,44.1274,-69.1369,,https://twitter.com/60_cdonahue/status/1190592636220059649,0,0,“Crisp” morning on the deck. It’s only going to get “ crisper”... #blessed #mainelife @Dave Neilson - State Farm Insurance Agent https://www.instagram.com/p/B4XItP9AHGw/?igshid=100ygtc16tq3w,,60_cdonahue
Rockland,1840000322,2019-09-23 10:29:26,0,,nofilterneeded,1176081127918002176,44.1274,-69.1369,,https://twitter.com/60_cdonahue/status/1176081127918002176,0,0,First day of Fall has a beautiful beginning here on the coast of Maine! #nofilterneeded @Dave Neilson - State Farm Insurance Agent https://www.instagram.com/p/B2wBorLg38R/?igshid=bm8cc5i7rag6,,60_cdonahue
Yarmouth,1840053071,2019-12-24 02:18:20,0,,[],1209297225915994114,43.7978,-70.1719,,https://twitter.com/kayak_birder/status/1209297225915994114,0,0,I’m so sick of the AARod grab assing. Just not that good and one of the ultimate ‘hate the face’,NFL,kayak_birder
Yarmouth,1840053071,2019-11-10 22:06:24,2,,[],1193651146579234816,43.7978,-70.1719,,https://twitter.com/mtrem2/status/1193651146579234816,0,0,State Farm is rapidly catching up to Progressive and Geico when it comes to really annoying commercials,,mtrem2
Yarmouth,1840053071,2019-09-22 15:30:33,0,,SesameStreet,1175794519478034432,43.7978,-70.1719,@StateFarm,https://twitter.com/LeanneCalderLib/status/1175794519478034432,0,0,@StateFarm love the #SesameStreet ads keep em comin!!!,,LeanneCalderLib
Yarmouth,1840053071,2019-09-21 07:39:13,1,,[],1175313518817632257,43.7978,-70.1719,,https://twitter.com/BibleOfKate/status/1175313518817632257,0,0,This is powerful. I think you should bring this up to State Farm as a company. Mr. Coleman deserves a lot of public recognition for his abusive and atrocious behavior.,hooligantactix,BibleOfKate
Yarmouth,1840053071,2019-08-18 11:25:36,1,,SFNeighborhoodAssist,1163049299703451648,43.7978,-70.1719,,https://twitter.com/GMSALTED/status/1163049299703451648,0,2,"Day #5! KEEP VOTING! With your help, Fighting Food Insecurity in Gorham, Maine! could win a $25k grant from State Farm Neighborhood Assist®. Vote up to 10x a day through 8/23! #SFNeighborhoodAssist https://www.neighborhoodassist.com/entry/2023987",,GMSALTED
Yarmouth,1840053071,2019-08-16 09:29:50,3,,SFNeighborhoodAssist,1162295392316329984,43.7978,-70.1719,@hperrysup,https://twitter.com/GMSALTED/status/1162295392316329984,0,1,Day #3! 1 in 5 children in Maine are food insecure & Gorham does not escape that statistic! VOTE TODAY! With your help we could win a $25k grant from State Farm Neighborhood Assist®. Vote up to 10x a day through 8/23 #SFNeighborhoodAssist https://www.neighborhoodassist.com/entry/2023987 @hperrysup,,GMSALTED
Yarmouth,1840053071,2019-08-15 10:10:53,0,,SFNeighborhoodAssist,1161943336351162368,43.7978,-70.1719,,https://twitter.com/GMSALTED/status/1161943336351162368,0,2,"Day #2!!! PLEASE VOTE! With your help, Fighting Food Insecurity in Gorham, Maine! could win a $25k grant from State Farm Neighborhood Assist®. Vote up to 10x a day through 8/23! #SFNeighborhoodAssist https://www.neighborhoodassist.com/entry/2023987",,GMSALTED
Yarmouth,1840053071,2019-08-14 10:13:01,4,,SFNeighborhoodAssist,1161581481568931840,43.7978,-70.1719,@hperrysup @briley8557 @MAINETOY,https://twitter.com/GMSALTED/status/1161581481568931840,0,3,VOTE TODAY! Our grant for Gorham’s BackPack Program and GMS Garden could win a $25k grant from State Farm Neighborhood Assist®. Vote up to 10x a day through 8/23! #SFNeighborhoodAssist https://www.neighborhoodassist.com/entry/2023987 @hperrysup @briley8557 @MAINETOY,,GMSALTED
Yarmouth,1840053071,2019-07-12 02:18:21,1,,[],1149503228586811394,43.7978,-70.1719,@CP3,https://twitter.com/bencampo/status/1149503228586811394,0,0,Which OKC player will join @CP3 in the State Farm Commercials?,PeterVecsey1,bencampo
Bath,1840000332,2019-12-24 02:18:20,0,,[],1209297225915994114,43.9346,-69.8346,,https://twitter.com/kayak_birder/status/1209297225915994114,0,0,I’m so sick of the AARod grab assing. Just not that good and one of the ultimate ‘hate the face’,NFL,kayak_birder
North Windham,1840002553,2019-09-22 15:30:33,0,,SesameStreet,1175794519478034432,43.8238,-70.4288,@StateFarm,https://twitter.com/LeanneCalderLib/status/1175794519478034432,0,0,@StateFarm love the #SesameStreet ads keep em comin!!!,,LeanneCalderLib
North Windham,1840002553,2019-09-21 07:39:13,1,,[],1175313518817632257,43.8238,-70.4288,,https://twitter.com/BibleOfKate/status/1175313518817632257,0,0,This is powerful. I think you should bring this up to State Farm as a company. Mr. Coleman deserves a lot of public recognition for his abusive and atrocious behavior.,hooligantactix,BibleOfKate
North Windham,1840002553,2019-08-18 11:25:36,1,,SFNeighborhoodAssist,1163049299703451648,43.8238,-70.4288,,https://twitter.com/GMSALTED/status/1163049299703451648,0,2,"Day #5! KEEP VOTING! With your help, Fighting Food Insecurity in Gorham, Maine! could win a $25k grant from State Farm Neighborhood Assist®. Vote up to 10x a day through 8/23! #SFNeighborhoodAssist https://www.neighborhoodassist.com/entry/2023987",,GMSALTED
North Windham,1840002553,2019-08-16 09:29:50,3,,SFNeighborhoodAssist,1162295392316329984,43.8238,-70.4288,@hperrysup,https://twitter.com/GMSALTED/status/1162295392316329984,0,1,Day #3! 1 in 5 children in Maine are food insecure & Gorham does not escape that statistic! VOTE TODAY! With your help we could win a $25k grant from State Farm Neighborhood Assist®. Vote up to 10x a day through 8/23 #SFNeighborhoodAssist https://www.neighborhoodassist.com/entry/2023987 @hperrysup,,GMSALTED
North Windham,1840002553,2019-08-15 10:10:53,0,,SFNeighborhoodAssist,1161943336351162368,43.8238,-70.4288,,https://twitter.com/GMSALTED/status/1161943336351162368,0,2,"Day #2!!! PLEASE VOTE! With your help, Fighting Food Insecurity in Gorham, Maine! could win a $25k grant from State Farm Neighborhood Assist®. Vote up to 10x a day through 8/23! #SFNeighborhoodAssist https://www.neighborhoodassist.com/entry/2023987",,GMSALTED
North Windham,1840002553,2019-08-14 10:13:01,4,,SFNeighborhoodAssist,1161581481568931840,43.8238,-70.4288,@hperrysup @briley8557 @MAINETOY,https://twitter.com/GMSALTED/status/1161581481568931840,0,3,VOTE TODAY! Our grant for Gorham’s BackPack Program and GMS Garden could win a $25k grant from State Farm Neighborhood Assist®. Vote up to 10x a day through 8/23! #SFNeighborhoodAssist https://www.neighborhoodassist.com/entry/2023987 @hperrysup @briley8557 @MAINETOY,,GMSALTED
North Windham,1840002553,2019-07-12 02:18:21,1,,[],1149503228586811394,43.8238,-70.4288,@CP3,https://twitter.com/bencampo/status/1149503228586811394,0,0,Which OKC player will join @CP3 in the State Farm Commercials?,PeterVecsey1,bencampo
Lisbon,1840066320,2019-12-24 02:18:20,0,,[],1209297225915994114,44.0265,-70.09,,https://twitter.com/kayak_birder/status/1209297225915994114,0,0,I’m so sick of the AARod grab assing. Just not that good and one of the ultimate ‘hate the face’,NFL,kayak_birder
Topsham,1840053028,2019-12-24 02:18:20,0,,[],1209297225915994114,43.9615,-69.9588,,https://twitter.com/kayak_birder/status/1209297225915994114,0,0,I’m so sick of the AARod grab assing. Just not that good and one of the ultimate ‘hate the face’,NFL,kayak_birder
Freeport,1840052826,2019-12-24 02:18:20,0,,[],1209297225915994114,43.8556,-70.1009,,https://twitter.com/kayak_birder/status/1209297225915994114,0,0,I’m so sick of the AARod grab assing. Just not that good and one of the ultimate ‘hate the face’,NFL,kayak_birder
Freeport,1840052826,2019-07-12 02:18:21,1,,[],1149503228586811394,43.8556,-70.1009,@CP3,https://twitter.com/bencampo/status/1149503228586811394,0,0,Which OKC player will join @CP3 in the State Farm Commercials?,PeterVecsey1,bencampo
Buxton,1840066159,2019-11-10 22:06:24,2,,[],1193651146579234816,43.6428,-70.5376,,https://twitter.com/mtrem2/status/1193651146579234816,0,0,State Farm is rapidly catching up to Progressive and Geico when it comes to really annoying commercials,,mtrem2
Buxton,1840066159,2019-09-22 15:30:33,0,,SesameStreet,1175794519478034432,43.6428,-70.5376,@StateFarm,https://twitter.com/LeanneCalderLib/status/1175794519478034432,0,0,@StateFarm love the #SesameStreet ads keep em comin!!!,,LeanneCalderLib
Buxton,1840066159,2019-09-21 07:39:13,1,,[],1175313518817632257,43.6428,-70.5376,,https://twitter.com/BibleOfKate/status/1175313518817632257,0,0,This is powerful. I think you should bring this up to State Farm as a company. Mr. Coleman deserves a lot of public recognition for his abusive and atrocious behavior.,hooligantactix,BibleOfKate
Buxton,1840066159,2019-08-18 11:25:36,1,,SFNeighborhoodAssist,1163049299703451648,43.6428,-70.5376,,https://twitter.com/GMSALTED/status/1163049299703451648,0,2,"Day #5! KEEP VOTING! With your help, Fighting Food Insecurity in Gorham, Maine! could win a $25k grant from State Farm Neighborhood Assist®. Vote up to 10x a day through 8/23! #SFNeighborhoodAssist https://www.neighborhoodassist.com/entry/2023987",,GMSALTED
Buxton,1840066159,2019-08-16 09:29:50,3,,SFNeighborhoodAssist,1162295392316329984,43.6428,-70.5376,@hperrysup,https://twitter.com/GMSALTED/status/1162295392316329984,0,1,Day #3! 1 in 5 children in Maine are food insecure & Gorham does not escape that statistic! VOTE TODAY! With your help we could win a $25k grant from State Farm Neighborhood Assist®. Vote up to 10x a day through 8/23 #SFNeighborhoodAssist https://www.neighborhoodassist.com/entry/2023987 @hperrysup,,GMSALTED
Buxton,1840066159,2019-08-15 10:10:53,0,,SFNeighborhoodAssist,1161943336351162368,43.6428,-70.5376,,https://twitter.com/GMSALTED/status/1161943336351162368,0,2,"Day #2!!! PLEASE VOTE! With your help, Fighting Food Insecurity in Gorham, Maine! could win a $25k grant from State Farm Neighborhood Assist®. Vote up to 10x a day through 8/23! #SFNeighborhoodAssist https://www.neighborhoodassist.com/entry/2023987",,GMSALTED
Buxton,1840066159,2019-08-14 10:13:01,4,,SFNeighborhoodAssist,1161581481568931840,43.6428,-70.5376,@hperrysup @briley8557 @MAINETOY,https://twitter.com/GMSALTED/status/1161581481568931840,0,3,VOTE TODAY! Our grant for Gorham’s BackPack Program and GMS Garden could win a $25k grant from State Farm Neighborhood Assist®. Vote up to 10x a day through 8/23! #SFNeighborhoodAssist https://www.neighborhoodassist.com/entry/2023987 @hperrysup @briley8557 @MAINETOY,,GMSALTED
Gray,1840052837,2019-09-22 15:30:33,0,,SesameStreet,1175794519478034432,43.8877,-70.3494,@StateFarm,https://twitter.com/LeanneCalderLib/status/1175794519478034432,0,0,@StateFarm love the #SesameStreet ads keep em comin!!!,,LeanneCalderLib
Gray,1840052837,2019-09-21 07:39:13,1,,[],1175313518817632257,43.8877,-70.3494,,https://twitter.com/BibleOfKate/status/1175313518817632257,0,0,This is powerful. I think you should bring this up to State Farm as a company. Mr. Coleman deserves a lot of public recognition for his abusive and atrocious behavior.,hooligantactix,BibleOfKate
Gray,1840052837,2019-08-18 11:25:36,1,,SFNeighborhoodAssist,1163049299703451648,43.8877,-70.3494,,https://twitter.com/GMSALTED/status/1163049299703451648,0,2,"Day #5! KEEP VOTING! With your help, Fighting Food Insecurity in Gorham, Maine! could win a $25k grant from State Farm Neighborhood Assist®. Vote up to 10x a day through 8/23! #SFNeighborhoodAssist https://www.neighborhoodassist.com/entry/2023987",,GMSALTED
Gray,1840052837,2019-08-16 09:29:50,3,,SFNeighborhoodAssist,1162295392316329984,43.8877,-70.3494,@hperrysup,https://twitter.com/GMSALTED/status/1162295392316329984,0,1,Day #3! 1 in 5 children in Maine are food insecure & Gorham does not escape that statistic! VOTE TODAY! With your help we could win a $25k grant from State Farm Neighborhood Assist®. Vote up to 10x a day through 8/23 #SFNeighborhoodAssist https://www.neighborhoodassist.com/entry/2023987 @hperrysup,,GMSALTED
Gray,1840052837,2019-08-15 10:10:53,0,,SFNeighborhoodAssist,1161943336351162368,43.8877,-70.3494,,https://twitter.com/GMSALTED/status/1161943336351162368,0,2,"Day #2!!! PLEASE VOTE! With your help, Fighting Food Insecurity in Gorham, Maine! could win a $25k grant from State Farm Neighborhood Assist®. Vote up to 10x a day through 8/23! #SFNeighborhoodAssist https://www.neighborhoodassist.com/entry/2023987",,GMSALTED
Gray,1840052837,2019-08-14 10:13:01,4,,SFNeighborhoodAssist,1161581481568931840,43.8877,-70.3494,@hperrysup @briley8557 @MAINETOY,https://twitter.com/GMSALTED/status/1161581481568931840,0,3,VOTE TODAY! Our grant for Gorham’s BackPack Program and GMS Garden could win a $25k grant from State Farm Neighborhood Assist®. Vote up to 10x a day through 8/23! #SFNeighborhoodAssist https://www.neighborhoodassist.com/entry/2023987 @hperrysup @briley8557 @MAINETOY,,GMSALTED
Gray,1840052837,2019-07-12 02:18:21,1,,[],1149503228586811394,43.8877,-70.3494,@CP3,https://twitter.com/bencampo/status/1149503228586811394,0,0,Which OKC player will join @CP3 in the State Farm Commercials?,PeterVecsey1,bencampo
Cumberland,1840066197,2019-11-10 22:06:24,2,,[],1193651146579234816,43.7933,-70.258,,https://twitter.com/mtrem2/status/1193651146579234816,0,0,State Farm is rapidly catching up to Progressive and Geico when it comes to really annoying commercials,,mtrem2
Cumberland,1840066197,2019-09-22 15:30:33,0,,SesameStreet,1175794519478034432,43.7933,-70.258,@StateFarm,https://twitter.com/LeanneCalderLib/status/1175794519478034432,0,0,@StateFarm love the #SesameStreet ads keep em comin!!!,,LeanneCalderLib
Cumberland,1840066197,2019-09-21 07:39:13,1,,[],1175313518817632257,43.7933,-70.258,,https://twitter.com/BibleOfKate/status/1175313518817632257,0,0,This is powerful. I think you should bring this up to State Farm as a company. Mr. Coleman deserves a lot of public recognition for his abusive and atrocious behavior.,hooligantactix,BibleOfKate
Cumberland,1840066197,2019-08-18 11:25:36,1,,SFNeighborhoodAssist,1163049299703451648,43.7933,-70.258,,https://twitter.com/GMSALTED/status/1163049299703451648,0,2,"Day #5! KEEP VOTING! With your help, Fighting Food Insecurity in Gorham, Maine! could win a $25k grant from State Farm Neighborhood Assist®. Vote up to 10x a day through 8/23! #SFNeighborhoodAssist https://www.neighborhoodassist.com/entry/2023987",,GMSALTED
Cumberland,1840066197,2019-08-16 09:29:50,3,,SFNeighborhoodAssist,1162295392316329984,43.7933,-70.258,@hperrysup,https://twitter.com/GMSALTED/status/1162295392316329984,0,1,Day #3! 1 in 5 children in Maine are food insecure & Gorham does not escape that statistic! VOTE TODAY! With your help we could win a $25k grant from State Farm Neighborhood Assist®. Vote up to 10x a day through 8/23 #SFNeighborhoodAssist https://www.neighborhoodassist.com/entry/2023987 @hperrysup,,GMSALTED
Cumberland,1840066197,2019-08-15 10:10:53,0,,SFNeighborhoodAssist,1161943336351162368,43.7933,-70.258,,https://twitter.com/GMSALTED/status/1161943336351162368,0,2,"Day #2!!! PLEASE VOTE! With your help, Fighting Food Insecurity in Gorham, Maine! could win a $25k grant from State Farm Neighborhood Assist®. Vote up to 10x a day through 8/23! #SFNeighborhoodAssist https://www.neighborhoodassist.com/entry/2023987",,GMSALTED
Cumberland,1840066197,2019-08-14 10:13:01,4,,SFNeighborhoodAssist,1161581481568931840,43.7933,-70.258,@hperrysup @briley8557 @MAINETOY,https://twitter.com/GMSALTED/status/1161581481568931840,0,3,VOTE TODAY! Our grant for Gorham’s BackPack Program and GMS Garden could win a $25k grant from State Farm Neighborhood Assist®. Vote up to 10x a day through 8/23! #SFNeighborhoodAssist https://www.neighborhoodassist.com/entry/2023987 @hperrysup @briley8557 @MAINETOY,,GMSALTED
Cumberland,1840066197,2019-07-12 02:18:21,1,,[],1149503228586811394,43.7933,-70.258,@CP3,https://twitter.com/bencampo/status/1149503228586811394,0,0,Which OKC player will join @CP3 in the State Farm Commercials?,PeterVecsey1,bencampo
Berwick,1840052461,2019-10-17 13:29:17,1,,[],1184823700992024577,43.3006,-70.844,,https://twitter.com/mjgoodwinart/status/1184823700992024577,0,0,"O shit! Hope y’all are good, I feel like I saw this in a State Farm commercial",AdamdeGrandis,mjgoodwinart
South Berwick,1840053002,2019-10-17 13:29:17,1,,[],1184823700992024577,43.2388,-70.7478,,https://twitter.com/mjgoodwinart/status/1184823700992024577,0,0,"O shit! Hope y’all are good, I feel like I saw this in a State Farm commercial",AdamdeGrandis,mjgoodwinart
Eliot,1840052811,2019-10-17 13:29:17,1,,[],1184823700992024577,43.1488,-70.786,,https://twitter.com/mjgoodwinart/status/1184823700992024577,0,0,"O shit! Hope y’all are good, I feel like I saw this in a State Farm commercial",AdamdeGrandis,mjgoodwinart
Eliot,1840052811,2019-03-26 14:10:54,1,,CamelFever,1110544659938455553,43.1488,-70.786,@Sillysully7,https://twitter.com/scottjoy/status/1110544659938455553,0,0,@Sillysully7 What do you think? #CamelFever,StateFarm,scottjoy
New Gloucester,1840052925,2019-08-18 11:25:36,1,,SFNeighborhoodAssist,1163049299703451648,43.9641,-70.2959,,https://twitter.com/GMSALTED/status/1163049299703451648,0,2,"Day #5! KEEP VOTING! With your help, Fighting Food Insecurity in Gorham, Maine! could win a $25k grant from State Farm Neighborhood Assist®. Vote up to 10x a day through 8/23! #SFNeighborhoodAssist https://www.neighborhoodassist.com/entry/2023987",,GMSALTED
New Gloucester,1840052925,2019-08-16 09:29:50,3,,SFNeighborhoodAssist,1162295392316329984,43.9641,-70.2959,@hperrysup,https://twitter.com/GMSALTED/status/1162295392316329984,0,1,Day #3! 1 in 5 children in Maine are food insecure & Gorham does not escape that statistic! VOTE TODAY! With your help we could win a $25k grant from State Farm Neighborhood Assist®. Vote up to 10x a day through 8/23 #SFNeighborhoodAssist https://www.neighborhoodassist.com/entry/2023987 @hperrysup,,GMSALTED
New Gloucester,1840052925,2019-08-15 10:10:53,0,,SFNeighborhoodAssist,1161943336351162368,43.9641,-70.2959,,https://twitter.com/GMSALTED/status/1161943336351162368,0,2,"Day #2!!! PLEASE VOTE! With your help, Fighting Food Insecurity in Gorham, Maine! could win a $25k grant from State Farm Neighborhood Assist®. Vote up to 10x a day through 8/23! #SFNeighborhoodAssist https://www.neighborhoodassist.com/entry/2023987",,GMSALTED
New Gloucester,1840052925,2019-08-14 10:13:01,4,,SFNeighborhoodAssist,1161581481568931840,43.9641,-70.2959,@hperrysup @briley8557 @MAINETOY,https://twitter.com/GMSALTED/status/1161581481568931840,0,3,VOTE TODAY! Our grant for Gorham’s BackPack Program and GMS Garden could win a $25k grant from State Farm Neighborhood Assist®. Vote up to 10x a day through 8/23! #SFNeighborhoodAssist https://www.neighborhoodassist.com/entry/2023987 @hperrysup @briley8557 @MAINETOY,,GMSALTED
New Gloucester,1840052925,2019-07-12 02:18:21,1,,[],1149503228586811394,43.9641,-70.2959,@CP3,https://twitter.com/bencampo/status/1149503228586811394,0,0,Which OKC player will join @CP3 in the State Farm Commercials?,PeterVecsey1,bencampo
Poland,1840052967,2019-08-18 11:25:36,1,,SFNeighborhoodAssist,1163049299703451648,44.0463,-70.39,,https://twitter.com/GMSALTED/status/1163049299703451648,0,2,"Day #5! KEEP VOTING! With your help, Fighting Food Insecurity in Gorham, Maine! could win a $25k grant from State Farm Neighborhood Assist®. Vote up to 10x a day through 8/23! #SFNeighborhoodAssist https://www.neighborhoodassist.com/entry/2023987",,GMSALTED
Poland,1840052967,2019-08-16 09:29:50,3,,SFNeighborhoodAssist,1162295392316329984,44.0463,-70.39,@hperrysup,https://twitter.com/GMSALTED/status/1162295392316329984,0,1,Day #3! 1 in 5 children in Maine are food insecure & Gorham does not escape that statistic! VOTE TODAY! With your help we could win a $25k grant from State Farm Neighborhood Assist®. Vote up to 10x a day through 8/23 #SFNeighborhoodAssist https://www.neighborhoodassist.com/entry/2023987 @hperrysup,,GMSALTED
Poland,1840052967,2019-08-15 10:10:53,0,,SFNeighborhoodAssist,1161943336351162368,44.0463,-70.39,,https://twitter.com/GMSALTED/status/1161943336351162368,0,2,"Day #2!!! PLEASE VOTE! With your help, Fighting Food Insecurity in Gorham, Maine! could win a $25k grant from State Farm Neighborhood Assist®. Vote up to 10x a day through 8/23! #SFNeighborhoodAssist https://www.neighborhoodassist.com/entry/2023987",,GMSALTED
Poland,1840052967,2019-08-14 10:13:01,4,,SFNeighborhoodAssist,1161581481568931840,44.0463,-70.39,@hperrysup @briley8557 @MAINETOY,https://twitter.com/GMSALTED/status/1161581481568931840,0,3,VOTE TODAY! Our grant for Gorham’s BackPack Program and GMS Garden could win a $25k grant from State Farm Neighborhood Assist®. Vote up to 10x a day through 8/23! #SFNeighborhoodAssist https://www.neighborhoodassist.com/entry/2023987 @hperrysup @briley8557 @MAINETOY,,GMSALTED
Sabattus,1840052984,2019-12-24 02:18:20,0,,[],1209297225915994114,44.095,-70.0662,,https://twitter.com/kayak_birder/status/1209297225915994114,0,0,I’m so sick of the AARod grab assing. Just not that good and one of the ultimate ‘hate the face’,NFL,kayak_birder
